[
 "",
 {
  "t": [
   "t",
   {
    "h": [
     "h",
     {
      "i": "iswebsiteincludesinformationaboutprojectgutenbergincludinghowtomakedonationstotheprojectgutenbergliterary$",
      "e": "eprojectgutenbergliterary$"
     }
    ],
    "e": [
     "e",
     {
      "i": "includesinformationaboutprojectgutenbergincludinghowtomakedonationstotheprojectgutenbergliterary$",
      "n": [
       "nberg",
       {
        "i": "includinghowtomakedonationstotheprojectgutenbergliterary$",
        "l": "literary$"
       }
      ],
      "r": "rary$"
     }
    ],
    "i": [
     "ion",
     {
      "a": "aboutprojectgutenbergincludinghowtomakedonationstotheprojectgutenbergliterary$",
      "s": "stotheprojectgutenbergliterary$"
     }
    ],
    "p": "projectgutenbergincludinghowtomakedonationstotheprojectgutenbergliterary$",
    "g": [
     "gutenberg",
     {
      "i": "includinghowtomakedonationstotheprojectgutenbergliterary$",
      "l": "literary$"
     }
    ],
    "o": [
     "o",
     {
      "m": "makedonationstotheprojectgutenbergliterary$",
      "t": "theprojectgutenbergliterary$"
     }
    ]
   }
  ],
  "h": [
   "h",
   {
    "i": "iswebsiteincludesinformationaboutprojectgutenbergincludinghowtomakedonationstotheprojectgutenbergliterary$",
    "o": "owtomakedonationstotheprojectgutenbergliterary$",
    "e": "eprojectgutenbergliterary$"
   }
  ],
  "i": [
   "i",
   {
    "s": "swebsiteincludesinformationaboutprojectgutenbergincludinghowtomakedonationstotheprojectgutenbergliterary$",
    "t": [
     "te",
     {
      "i": "includesinformationaboutprojectgutenbergincludinghowtomakedonationstotheprojectgutenbergliterary$",
      "r": "rary$"
     }
    ],
    "n": [
     "n",
     {
      "c": [
       "clud",
       {
        "e": "esinformationaboutprojectgutenbergincludinghowtomakedonationstotheprojectgutenbergliterary$",
        "i": "inghowtomakedonationstotheprojectgutenbergliterary$"
       }
      ],
      "f": "formationaboutprojectgutenbergincludinghowtomakedonationstotheprojectgutenbergliterary$",
      "g": "ghowtomakedonationstotheprojectgutenbergliterary$"
     }
    ],
    "o": [
     "on",
     {
      "a": "aboutprojectgutenbergincludinghowtomakedonationstotheprojectgutenbergliterary$",
      "s": "stotheprojectgutenbergliterary$"
     }
    ]
   }
  ],
  "s": [
   "s",
   {
    "w": "websiteincludesinformationaboutprojectgutenbergincludinghowtomakedonationstotheprojectgutenbergliterary$",
    "i": [
     "i",
     {
      "t": "teincludesinformationaboutprojectgutenbergincludinghowtomakedonationstotheprojectgutenbergliterary$",
      "n": "nformationaboutprojectgutenbergincludinghowtomakedonationstotheprojectgutenbergliterary$"
     }
    ],
    "t": "totheprojectgutenbergliterary$"
   }
  ],
  "w": [
   "w",
   {
    "e": "ebsiteincludesinformationaboutprojectgutenbergincludinghowtomakedonationstotheprojectgutenbergliterary$",
    "t": "tomakedonationstotheprojectgutenbergliterary$"
   }
  ],
  "e": [
   "e",
   {
    "b": "bsiteincludesinformationaboutprojectgutenbergincludinghowtomakedonationstotheprojectgutenbergliterary$",
    "i": "includesinformationaboutprojectgutenbergincludinghowtomakedonationstotheprojectgutenbergliterary$",
    "s": "sinformationaboutprojectgutenbergincludinghowtomakedonationstotheprojectgutenbergliterary$",
    "c": [
     "ctgutenberg",
     {
      "i": "includinghowtomakedonationstotheprojectgutenbergliterary$",
      "l": "literary$"
     }
    ],
    "n": [
     "nberg",
     {
      "i": "includinghowtomakedonationstotheprojectgutenbergliterary$",
      "l": "literary$"
     }
    ],
    "r": [
     "r",
     {
      "g": [
       "g",
       {
        "i": "includinghowtomakedonationstotheprojectgutenbergliterary$",
        "l": "literary$"
       }
      ],
      "a": "ary$"
     }
    ],
    "d": "donationstotheprojectgutenbergliterary$",
    "p": "projectgutenbergliterary$"
   }
  ],
  "b": [
   "b",
   {
    "s": "siteincludesinformationaboutprojectgutenbergincludinghowtomakedonationstotheprojectgutenbergliterary$",
    "o": "outprojectgutenbergincludinghowtomakedonationstotheprojectgutenbergliterary$",
    "e": [
     "erg",
     {
      "i": "includinghowtomakedonationstotheprojectgutenbergliterary$",
      "l": "literary$"
     }
    ]
   }
  ],
  "n": [
   "n",
   {
    "c": [
     "clud",
     {
      "e": "esinformationaboutprojectgutenbergincludinghowtomakedonationstotheprojectgutenbergliterary$",
      "i": "inghowtomakedonationstotheprojectgutenbergliterary$"
     }
    ],
    "f": "formationaboutprojectgutenbergincludinghowtomakedonationstotheprojectgutenbergliterary$",
    "a": [
     "a",
     {
      "b": "boutprojectgutenbergincludinghowtomakedonationstotheprojectgutenbergliterary$",
      "t": "tionstotheprojectgutenbergliterary$"
     }
    ],
    "b": [
     "berg",
     {
      "i": "includinghowtomakedonationstotheprojectgutenbergliterary$",
      "l": "literary$"
     }
    ],
    "g": "ghowtomakedonationstotheprojectgutenbergliterary$",
    "s": "stotheprojectgutenbergliterary$"
   }
  ],
  "c": [
   "c",
   {
    "l": [
     "lud",
     {
      "e": "esinformationaboutprojectgutenbergincludinghowtomakedonationstotheprojectgutenbergliterary$",
      "i": "inghowtomakedonationstotheprojectgutenbergliterary$"
     }
    ],
    "t": [
     "tgutenberg",
     {
      "i": "includinghowtomakedonationstotheprojectgutenbergliterary$",
      "l": "literary$"
     }
    ]
   }
  ],
  "l": [
   "l",
   {
    "u": [
     "ud",
     {
      "e": "esinformationaboutprojectgutenbergincludinghowtomakedonationstotheprojectgutenbergliterary$",
      "i": "inghowtomakedonationstotheprojectgutenbergliterary$"
     }
    ],
    "i": "iterary$"
   }
  ],
  "u": [
   "u",
   {
    "d": [
     "d",
     {
      "e": "esinformationaboutprojectgutenbergincludinghowtomakedonationstotheprojectgutenbergliterary$",
      "i": "inghowtomakedonationstotheprojectgutenbergliterary$"
     }
    ],
    "t": [
     "t",
     {
      "p": "projectgutenbergincludinghowtomakedonationstotheprojectgutenbergliterary$",
      "e": [
       "enberg",
       {
        "i": "includinghowtomakedonationstotheprojectgutenbergliterary$",
        "l": "literary$"
       }
      ]
     }
    ]
   }
  ],
  "d": [
   "d",
   {
    "e": "esinformationaboutprojectgutenbergincludinghowtomakedonationstotheprojectgutenbergliterary$",
    "i": "inghowtomakedonationstotheprojectgutenbergliterary$",
    "o": "onationstotheprojectgutenbergliterary$"
   }
  ],
  "f": "formationaboutprojectgutenbergincludinghowtomakedonationstotheprojectgutenbergliterary$",
  "o": [
   "o",
   {
    "r": "rmationaboutprojectgutenbergincludinghowtomakedonationstotheprojectgutenbergliterary$",
    "n": [
     "n",
     {
      "a": [
       "a",
       {
        "b": "boutprojectgutenbergincludinghowtomakedonationstotheprojectgutenbergliterary$",
        "t": "tionstotheprojectgutenbergliterary$"
       }
      ],
      "s": "stotheprojectgutenbergliterary$"
     }
    ],
    "u": "utprojectgutenbergincludinghowtomakedonationstotheprojectgutenbergliterary$",
    "j": [
     "jectgutenberg",
     {
      "i": "includinghowtomakedonationstotheprojectgutenbergliterary$",
      "l": "literary$"
     }
    ],
    "w": "wtomakedonationstotheprojectgutenbergliterary$",
    "m": "makedonationstotheprojectgutenbergliterary$",
    "t": "theprojectgutenbergliterary$"
   }
  ],
  "r": [
   "r",
   {
    "m": "mationaboutprojectgutenbergincludinghowtomakedonationstotheprojectgutenbergliterary$",
    "o": [
     "ojectgutenberg",
     {
      "i": "includinghowtomakedonationstotheprojectgutenbergliterary$",
      "l": "literary$"
     }
    ],
    "g": [
     "g",
     {
      "i": "includinghowtomakedonationstotheprojectgutenbergliterary$",
      "l": "literary$"
     }
    ],
    "a": "ary$",
    "y": "y$"
   }
  ],
  "m": [
   "ma",
   {
    "t": "tionaboutprojectgutenbergincludinghowtomakedonationstotheprojectgutenbergliterary$",
    "k": "kedonationstotheprojectgutenbergliterary$"
   }
  ],
  "a": [
   "a",
   {
    "t": [
     "tion",
     {
      "a": "aboutprojectgutenbergincludinghowtomakedonationstotheprojectgutenbergliterary$",
      "s": "stotheprojectgutenbergliterary$"
     }
    ],
    "b": "boutprojectgutenbergincludinghowtomakedonationstotheprojectgutenbergliterary$",
    "k": "kedonationstotheprojectgutenbergliterary$",
    "r": "ry$"
   }
  ],
  "p": [
   "projectgutenberg",
   {
    "i": "includinghowtomakedonationstotheprojectgutenbergliterary$",
    "l": "literary$"
   }
  ],
  "j": [
   "jectgutenberg",
   {
    "i": "includinghowtomakedonationstotheprojectgutenbergliterary$",
    "l": "literary$"
   }
  ],
  "g": [
   "g",
   {
    "u": [
     "utenberg",
     {
      "i": "includinghowtomakedonationstotheprojectgutenbergliterary$",
      "l": "literary$"
     }
    ],
    "i": "includinghowtomakedonationstotheprojectgutenbergliterary$",
    "h": "howtomakedonationstotheprojectgutenbergliterary$",
    "l": "literary$"
   }
  ],
  "k": "kedonationstotheprojectgutenbergliterary$",
  "y": "y$",
  "$": "$"
 }
]